Id,Name,PermissionNo
1,Realbuzz,1KqAAPLyjHbB3dpEzHVToWMCppz5MA5WpP
2,Linktype,1K9YhUm5vhabhAjgbXLdTLHZsFbTKKDc7r
3,Tavu,17qp6vwLDusGJXJ5mXc1bB3C94RFgeovd6
4,Trudeo,1D5BCX38iRGCDRpLYzajoSPqDbQuZwzEEU
5,Realmix,1KoaLw9Xh4MDQbEdChox4ecAPUQ82YFAgR
6,Trilia,1GQfTd5GoZy6L9TzLdbexon3E6sdFoj1Mg
7,Kamba,1MKre1TcRP5icfzxpYwi46iZbwnQ6Gfmpg
8,Cogilith,13VVNHwUYgwcqncgVmfhR6L4Mn62QXTfqL
9,Babbleopia,1PDCH1S6UqZgno8fH7TSahKXn7ns6iKVAq
10,Linklinks,14Edka6sTrj4LBnU663gSpvZs7SiQ9P23G
11,Kwideo,12YSeZv8JdyedRqxURGMEuGU7xBbomFdRm
12,Chatterbridge,1JSdAHK8qnBjLt136KqMRKLsVCzR4stq81
13,Eamia,1JxQquMQMCsuADJ2PCasxTSAVd6DXzZ2JH
14,Yodo,1JRpHDZjLKVzGreVigcG4jKj2Q8PASMNu8
15,Ooba,17nZ8qcYF5mb747j6nitK7d7tNTrbP8zQF
16,Flipbug,1C3JcsC1ApgxH3BkdqiwHbbAeaHdJ6CGcB
17,Buzzshare,1He2LRgjjdU9B8DZBVT68Hmpf85FcDqhBp
18,Flashpoint,1HaBRwgmdceNrcD2K8wZcDTnaWiHTitP6D
19,Lazzy,12MGujPCWLcBsD9QWNFzNZzUhJYe4U6UCQ
20,Leexo,1PyrzcS827bhGfWjahPrPVDKZiQdJNY1sm
