Id,Name,AddressId,BankInstanceId
1,Myworks,111,6
2,Layo,314,19
3,Quatz,217,15
4,Oyoba,203,16
5,Skippad,376,6
6,Feedmix,245,7
7,Brightbean,100,5
8,Flipopia,377,11
9,Realmix,119,2
10,Browseblab,192,7
11,Skiba,268,20
12,Blogspan,178,14
13,Tagopia,113,17
14,Fanoodle,397,9
15,Zooxo,213,3
16,Jabbersphere,374,19
17,Voolith,229,14
18,Feedmix,179,6
19,Vidoo,203,19
20,Yacero,171,12
21,Livetube,3,9
22,Kayveo,400,9
23,Mudo,206,10
24,Yombu,42,7
25,Buzzshare,19,5
26,Katz,194,15
27,Eazzy,392,11
28,Brightdog,98,5
29,Thoughtstorm,197,17
30,Trupe,194,11
31,Centizu,390,3
32,Edgepulse,139,10
33,Skinte,212,3
34,Edgewire,342,17
35,Thoughtstorm,32,12
36,Talane,118,2
37,Quatz,197,19
38,Bluezoom,106,5
39,Mycat,182,1
40,Mynte,142,10
41,Jabbersphere,389,15
42,Browsecat,321,10
43,Kanoodle,336,2
44,Trilia,238,15
45,Skipfire,32,13
46,Plajo,345,14
47,Edgewire,205,7
48,Gabcube,65,13
49,Zoonder,206,20
50,Ainyx,340,1
51,Tagcat,101,11
52,Wordify,265,16
53,Fatz,377,2
54,Divavu,292,12
55,Fiveclub,315,9
56,Gabcube,343,8
57,Skimia,73,14
58,Shufflester,332,5
59,Skipfire,293,7
60,Twitterworks,252,12
61,Quatz,361,16
62,Aimbo,388,18
63,Quatz,259,20
64,Wikido,283,15
65,LiveZ,374,7
66,Browsezoom,112,17
67,Wordify,154,18
68,Demizz,363,18
69,Npath,272,13
70,Vinder,240,2
71,Mynte,103,19
72,Quimm,47,3
73,Brainsphere,44,15
74,Zazio,195,10
75,Voolith,299,1
76,Flipopia,340,17
77,Vimbo,89,11
78,Skajo,255,6
79,Meetz,15,18
80,Pixoboo,142,7
81,Pixoboo,89,12
82,Geba,271,18
83,Dabjam,61,9
84,Mynte,54,10
85,Flipopia,130,20
86,Meedoo,358,6
87,Realfire,180,1
88,Photojam,385,5
89,Pixope,25,18
90,Wikizz,364,15
91,Tagopia,47,18
92,Kwilith,276,17
93,Wordtune,279,5
94,Aimbu,195,17
95,Blogtags,281,14
96,Abata,138,14
97,Yozio,159,20
98,Layo,49,16
99,Flipbug,290,4
100,Geba,159,4
